{
    "loss": 0.5007873773574829,
    "accuracy": 0.9482758641242981
}