{
    "loss": 0.561191976070404,
    "accuracy": 0.9051724076271057
}